{"cameraMode":{"drawMode":0,"name":"Shaded","section":"Shading Mode"},"sceneLighting":false,"audioPlay":false,"sceneViewState":{"m_AlwaysRefresh":false,"showFog":true,"showSkybox":false,"showFlares":true,"showImageEffects":true,"showParticleSystems":true,"showVisualEffectGraphs":true,"m_FxEnabled":true},"in2DMode":false,"pivot":{"x":-30.764923095703126,"y":4.164945602416992,"z":-74.31388854980469},"rotation":{"x":-0.003010086016729474,"y":-0.9959912896156311,"z":0.08116921037435532,"w":-0.039133232086896899},"size":12.12435531616211,"orthographic":false}